,precision,recall,f1-score,support
0,0.8463768115942029,0.8480154888673765,0.8471953578336557,1033.0
1,0.5756756756756757,0.5725806451612904,0.5741239892183289,372.0
accuracy,0.7750889679715303,0.7750889679715303,0.7750889679715303,0.7750889679715303
macro avg,0.7110262436349393,0.7102980670143335,0.7106596735259922,1405.0
weighted avg,0.7747036282762725,0.7750889679715303,0.7748946111255407,1405.0
